"Year","Cases"
2005,5.8
2006,2.56521739130435
2007,3.64285714285714
2008,7.31578947368421
2009,8.67857142857143
2010,11.1052631578947
2011,7.55172413793103
2012,31.25
2013,45.8
2014,76.83333
2015,80.73333
2016,110.5833
2017,115.875
